<?xml version="1.0" encoding="UTF-8"?>
<project name="sapere-javaee" default="all">
  
  
  <property file="sapere-javaee.properties"/>
  <!-- Uncomment the following property if no tests compilation is needed -->
  <!-- 
  <property name="skip.tests" value="true"/>
   -->
  
  <!-- Compiler options -->
  
  <property name="compiler.debug" value="on"/>
  <property name="compiler.generate.no.warnings" value="off"/>
  <property name="compiler.args" value=""/>
  <property name="compiler.max.memory" value="700m"/>
  <patternset id="ignored.files">
    <exclude name="**/*.hprof/**"/>
    <exclude name="**/*.pyc/**"/>
    <exclude name="**/*.pyo/**"/>
    <exclude name="**/*.rbc/**"/>
    <exclude name="**/*~/**"/>
    <exclude name="**/.DS_Store/**"/>
    <exclude name="**/.bundle/**"/>
    <exclude name="**/.git/**"/>
    <exclude name="**/.hg/**"/>
    <exclude name="**/.svn/**"/>
    <exclude name="**/.tox/**"/>
    <exclude name="**/CVS/**"/>
    <exclude name="**/RCS/**"/>
    <exclude name="**/SCCS/**"/>
    <exclude name="**/__pycache__/**"/>
    <exclude name="**/_svn/**"/>
    <exclude name="**/rcs/**"/>
    <exclude name="**/vssver.scc/**"/>
    <exclude name="**/vssver2.scc/**"/>
  </patternset>
  <patternset id="library.patterns">
    <include name="*.war"/>
    <include name="*.ear"/>
    <include name="*.apk"/>
    <include name="*.zip"/>
    <include name="*.swc"/>
    <include name="*.ane"/>
    <include name="*.egg"/>
    <include name="*.jar"/>
  </patternset>
  <patternset id="compiler.resources">
    <exclude name="**/?*.java"/>
    <exclude name="**/?*.form"/>
    <exclude name="**/?*.class"/>
    <exclude name="**/?*.groovy"/>
    <exclude name="**/?*.scala"/>
    <exclude name="**/?*.flex"/>
    <exclude name="**/?*.kt"/>
    <exclude name="**/?*.clj"/>
  </patternset>
  
  <!-- JDK definitions -->
  
  <property name="jdk.bin.1.8" value="${jdk.home.1.8}/bin"/>
  <path id="jdk.classpath.1.8">
    <fileset dir="${jdk.home.1.8}">
      <include name="jre/lib/jce.jar"/>
      <include name="jre/lib/jfxswt.jar"/>
      <include name="jre/lib/rt.jar"/>
      <include name="jre/lib/resources.jar"/>
      <include name="jre/lib/management-agent.jar"/>
      <include name="jre/lib/javaws.jar"/>
      <include name="jre/lib/jsse.jar"/>
      <include name="jre/lib/jfr.jar"/>
      <include name="jre/lib/plugin.jar"/>
      <include name="jre/lib/deploy.jar"/>
      <include name="jre/lib/charsets.jar"/>
      <include name="jre/lib/ext/zipfs.jar"/>
      <include name="jre/lib/ext/dnsns.jar"/>
      <include name="jre/lib/ext/jfxrt.jar"/>
      <include name="jre/lib/ext/sunpkcs11.jar"/>
      <include name="jre/lib/ext/sunjce_provider.jar"/>
      <include name="jre/lib/ext/sunec.jar"/>
      <include name="jre/lib/ext/nashorn.jar"/>
      <include name="jre/lib/ext/localedata.jar"/>
      <include name="jre/lib/ext/cldrdata.jar"/>
    </fileset>
  </path>
  
  <property name="project.jdk.home" value="${jdk.home.1.8}"/>
  <property name="project.jdk.bin" value="${jdk.bin.1.8}"/>
  <property name="project.jdk.classpath" value="jdk.classpath.1.8"/>
  
  
  <!-- Project Libraries -->
  
  <path id="library.gson-2.3.1.classpath">
    <pathelement location="${basedir}/lib/gson-2.3.1.jar"/>
  </path>
  
  <path id="library.javax:javaee-api:7.0.classpath">
    <pathelement location="${basedir}/lib/activation-1.1.jar"/>
    <pathelement location="${basedir}/lib/javaee-api-7.0.jar"/>
    <pathelement location="${basedir}/lib/javax.mail-1.5.0.jar"/>
  </path>
  
  
  <!-- Application Server Libraries -->
  
  <!-- Modules -->
  
  
  <!-- Module SapereMiddleware -->
  
  <dirname property="module.saperemiddleware.basedir" file="${ant.file}"/>
  
  
  <property name="module.jdk.home.saperemiddleware" value="${project.jdk.home}"/>
  <property name="module.jdk.bin.saperemiddleware" value="${project.jdk.bin}"/>
  <property name="module.jdk.classpath.saperemiddleware" value="${project.jdk.classpath}"/>
  
  <property name="compiler.args.saperemiddleware" value="-encoding UTF-8 -source 8 ${compiler.args}"/>
  
  <property name="saperemiddleware.output.dir" value="${module.saperemiddleware.basedir}/sapere-core/bin"/>
  <property name="saperemiddleware.testoutput.dir" value="${module.saperemiddleware.basedir}/sapere-core/bin"/>
  
  <path id="saperemiddleware.module.bootclasspath">
    <!-- Paths to be included in compilation bootclasspath -->
  </path>
  
  <path id="saperemiddleware.module.production.classpath">
    <path refid="${module.jdk.classpath.saperemiddleware}"/>
    <path refid="library.javax:javaee-api:7.0.classpath"/>
  </path>
  
  <path id="saperemiddleware.runtime.production.module.classpath">
    <pathelement location="${saperemiddleware.output.dir}"/>
    <path refid="library.javax:javaee-api:7.0.classpath"/>
  </path>
  
  <path id="saperemiddleware.module.classpath">
    <pathelement location="${saperemiddleware.output.dir}"/>
    <path refid="${module.jdk.classpath.saperemiddleware}"/>
    <path refid="library.javax:javaee-api:7.0.classpath"/>
  </path>
  
  <path id="saperemiddleware.runtime.module.classpath">
    <pathelement location="${saperemiddleware.output.dir}"/>
    <path refid="library.javax:javaee-api:7.0.classpath"/>
  </path>
  
  
  <patternset id="excluded.from.module.saperemiddleware">
    <patternset refid="ignored.files"/>
  </patternset>
  
  <patternset id="excluded.from.compilation.saperemiddleware">
    <patternset refid="excluded.from.module.saperemiddleware"/>
  </patternset>
  
  <path id="saperemiddleware.module.sourcepath">
    <dirset dir="${module.saperemiddleware.basedir}/sapere-core">
      <include name="src"/>
    </dirset>
  </path>
  
  
  <target name="compile.module.saperemiddleware" depends="compile.module.saperemiddleware.production,compile.module.saperemiddleware.tests" description="Compile module SapereMiddleware"/>
  
  <target name="compile.module.saperemiddleware.production" description="Compile module SapereMiddleware; production classes">
    <mkdir dir="${saperemiddleware.output.dir}"/>
    <javac destdir="${saperemiddleware.output.dir}" debug="${compiler.debug}" nowarn="${compiler.generate.no.warnings}" memorymaximumsize="${compiler.max.memory}" fork="true" executable="${module.jdk.bin.saperemiddleware}/javac" includeAntRuntime="no">
      <compilerarg line="${compiler.args.saperemiddleware}"/>
      <bootclasspath refid="saperemiddleware.module.bootclasspath"/>
      <classpath refid="saperemiddleware.module.production.classpath"/>
      <src refid="saperemiddleware.module.sourcepath"/>
      <patternset refid="excluded.from.compilation.saperemiddleware"/>
    </javac>
    
    <copy todir="${saperemiddleware.output.dir}">
      <fileset dir="${module.saperemiddleware.basedir}/sapere-core/src">
        <patternset refid="compiler.resources"/>
        <type type="file"/>
      </fileset>
    </copy>
  </target>
  
  <target name="compile.module.saperemiddleware.tests" depends="compile.module.saperemiddleware.production" description="compile module SapereMiddleware; test classes" unless="skip.tests"/>
  
  <target name="clean.module.saperemiddleware" description="cleanup module">
    <delete dir="${saperemiddleware.output.dir}"/>
    <delete dir="${saperemiddleware.testoutput.dir}"/>
  </target>
  
  
  <!-- Module NetworkController -->
  
  <dirname property="module.networkcontroller.basedir" file="${ant.file}"/>
  
  
  <property name="module.jdk.home.networkcontroller" value="${project.jdk.home}"/>
  <property name="module.jdk.bin.networkcontroller" value="${project.jdk.bin}"/>
  <property name="module.jdk.classpath.networkcontroller" value="${project.jdk.classpath}"/>
  
  <property name="compiler.args.networkcontroller" value="-encoding UTF-8 -source 8 ${compiler.args}"/>
  
  <property name="networkcontroller.output.dir" value="${module.networkcontroller.basedir}/network-controller/bin"/>
  <property name="networkcontroller.testoutput.dir" value="${module.networkcontroller.basedir}/network-controller/target/test-classes"/>
  
  <path id="networkcontroller.module.bootclasspath">
    <!-- Paths to be included in compilation bootclasspath -->
  </path>
  
  <path id="networkcontroller.module.production.classpath">
    <path refid="${module.jdk.classpath.networkcontroller}"/>
    <pathelement location="${saperemiddleware.output.dir}"/>
    <path refid="library.javax:javaee-api:7.0.classpath"/>
    <path refid="library.gson-2.3.1.classpath"/>
  </path>
  
  <path id="networkcontroller.runtime.production.module.classpath">
    <pathelement location="${networkcontroller.output.dir}"/>
    <pathelement location="${saperemiddleware.output.dir}"/>
    <path refid="library.javax:javaee-api:7.0.classpath"/>
    <path refid="library.gson-2.3.1.classpath"/>
  </path>
  
  <path id="networkcontroller.module.classpath">
    <pathelement location="${networkcontroller.output.dir}"/>
    <path refid="${module.jdk.classpath.networkcontroller}"/>
    <pathelement location="${saperemiddleware.output.dir}"/>
    <path refid="library.javax:javaee-api:7.0.classpath"/>
    <path refid="library.gson-2.3.1.classpath"/>
  </path>
  
  <path id="networkcontroller.runtime.module.classpath">
    <pathelement location="${networkcontroller.testoutput.dir}"/>
    <pathelement location="${networkcontroller.output.dir}"/>
    <pathelement location="${saperemiddleware.output.dir}"/>
    <path refid="library.javax:javaee-api:7.0.classpath"/>
    <path refid="library.gson-2.3.1.classpath"/>
  </path>
  
  
  <patternset id="excluded.from.module.networkcontroller">
    <patternset refid="ignored.files"/>
  </patternset>
  
  <patternset id="excluded.from.compilation.networkcontroller">
    <patternset refid="excluded.from.module.networkcontroller"/>
  </patternset>
  
  <path id="networkcontroller.module.sourcepath">
    <dirset dir="${module.networkcontroller.basedir}/network-controller">
      <include name="src/main/java"/>
    </dirset>
  </path>
  
  
  <target name="compile.module.networkcontroller" depends="compile.module.networkcontroller.production,compile.module.networkcontroller.tests" description="Compile module NetworkController"/>
  
  <target name="compile.module.networkcontroller.production" depends="compile.module.saperemiddleware" description="Compile module NetworkController; production classes">
    <mkdir dir="${networkcontroller.output.dir}"/>
    <javac destdir="${networkcontroller.output.dir}" debug="${compiler.debug}" nowarn="${compiler.generate.no.warnings}" memorymaximumsize="${compiler.max.memory}" fork="true" executable="${module.jdk.bin.networkcontroller}/javac" includeAntRuntime="no">
      <compilerarg line="${compiler.args.networkcontroller}"/>
      <bootclasspath refid="networkcontroller.module.bootclasspath"/>
      <classpath refid="networkcontroller.module.production.classpath"/>
      <src refid="networkcontroller.module.sourcepath"/>
      <patternset refid="excluded.from.compilation.networkcontroller"/>
    </javac>
    
    <copy todir="${networkcontroller.output.dir}">
      <fileset dir="${module.networkcontroller.basedir}/network-controller/src/main/java">
        <patternset refid="compiler.resources"/>
        <type type="file"/>
      </fileset>
    </copy>
  </target>
  
  <target name="compile.module.networkcontroller.tests" depends="compile.module.networkcontroller.production" description="compile module NetworkController; test classes" unless="skip.tests"/>
  
  <target name="clean.module.networkcontroller" description="cleanup module">
    <delete dir="${networkcontroller.output.dir}"/>
    <delete dir="${networkcontroller.testoutput.dir}"/>
  </target>
  
  <target name="init" description="Build initialization">
    <!-- Perform any build initialization in this target -->
  </target>
  
  <target name="clean" depends="clean.module.saperemiddleware, clean.module.networkcontroller, clean.artifact.networkcontroller:war_exploded" description="cleanup all"/>
  
  <target name="build.modules" depends="init, clean, compile.module.saperemiddleware, compile.module.networkcontroller" description="build all modules"/>
  
  <target name="init.artifacts">
    <property name="artifacts.temp.dir" value="${basedir}/__artifacts_temp"/>
    <property name="artifact.output.networkcontroller:war" value="${basedir}/out/artifacts/NetworkController_war"/>
    <property name="artifact.output.networkcontroller:war_exploded" value="${basedir}/out/artifacts/NetworkController_exploded"/>
    <mkdir dir="${artifacts.temp.dir}"/>
    <property name="temp.jar.path.NetworkController.war" value="${artifacts.temp.dir}/NetworkController.war"/>
  </target>
  
  <target name="clean.artifact.networkcontroller:war_exploded" description="clean NetworkController:war exploded artifact output">
    <delete dir="${artifact.output.networkcontroller:war_exploded}"/>
  </target>
  
  <target name="artifact.networkcontroller:war" depends="init.artifacts, artifact.networkcontroller:war_exploded" description="Build &#39;NetworkController:war&#39; artifact">
    <property name="artifact.temp.output.networkcontroller:war" value="${artifacts.temp.dir}/NetworkController_war"/>
    <mkdir dir="${artifact.temp.output.networkcontroller:war}"/>
    <zip destfile="${temp.jar.path.NetworkController.war}">
      <zipfileset dir="${artifact.output.networkcontroller:war_exploded}"/>
    </zip>
    <copy file="${temp.jar.path.NetworkController.war}" tofile="${artifact.temp.output.networkcontroller:war}/NetworkController.war"/>
  </target>
  
  <target name="artifact.networkcontroller:war_exploded" depends="init.artifacts, compile.module.networkcontroller, compile.module.saperemiddleware" description="Build &#39;NetworkController:war exploded&#39; artifact">
    <mkdir dir="${artifact.output.networkcontroller:war_exploded}"/>
    <mkdir dir="${artifact.output.networkcontroller:war_exploded}/WEB-INF"/>
    <mkdir dir="${artifact.output.networkcontroller:war_exploded}/WEB-INF/classes"/>
    <copy todir="${artifact.output.networkcontroller:war_exploded}/WEB-INF/classes">
      <fileset dir="${networkcontroller.output.dir}"/>
    </copy>
    <copy todir="${artifact.output.networkcontroller:war_exploded}/WEB-INF/classes">
      <fileset dir="${saperemiddleware.output.dir}"/>
    </copy>
    <mkdir dir="${artifact.output.networkcontroller:war_exploded}/WEB-INF/lib"/>
    <copy file="${basedir}/lib/gson-2.3.1.jar" tofile="${artifact.output.networkcontroller:war_exploded}/WEB-INF/lib/gson-2.3.1.jar"/>
    <copy file="${basedir}/lib/javaee-api-7.0.jar" tofile="${artifact.output.networkcontroller:war_exploded}/WEB-INF/lib/javaee-api-7.0.jar"/>
    <copy file="${basedir}/lib/javax.mail-1.5.0.jar" tofile="${artifact.output.networkcontroller:war_exploded}/WEB-INF/lib/javax.mail-1.5.0.jar"/>
    <copy file="${basedir}/lib/activation-1.1.jar" tofile="${artifact.output.networkcontroller:war_exploded}/WEB-INF/lib/activation-1.1.jar"/>
    <copy todir="${artifact.output.networkcontroller:war_exploded}">
      <fileset dir="${basedir}/network-controller/web"/>
    </copy>
    <mkdir dir="${artifact.output.networkcontroller:war_exploded}/WEB-INF"/>
    <copy file="${basedir}/network-controller/web/WEB-INF/web.xml" tofile="${artifact.output.networkcontroller:war_exploded}/WEB-INF/web.xml"/>
  </target>
  
  <target name="build.all.artifacts" depends="artifact.networkcontroller:war, artifact.networkcontroller:war_exploded" description="Build all artifacts">
    <mkdir dir="${artifact.output.networkcontroller:war}"/>
    <copy todir="${artifact.output.networkcontroller:war}">
      <fileset dir="${artifact.temp.output.networkcontroller:war}"/>
    </copy>
    
    <!-- Delete temporary files -->
    <delete dir="${artifacts.temp.dir}"/>
  </target>
  
  <target name="all" depends="build.modules, build.all.artifacts" description="build all"/>
</project>
